id,name,model_id:id,group_id:id,perm_read,perm_write,perm_create,perm_unlink
access_reportes_purasol_reportes_purasol,reportes_purasol.reportes_purasol,model_reportes_purasol_reportes_purasol,grupo_admin,1,1,1,1
access_reportes_purasol_prueba,reportes_purasol.prueba,model_reportes_purasol_prueba,grupo_admin,1,1,1,1
access_reportes_purasol_prueba02,reportes_purasol.prueba02,model_reportes_purasol_prueba02,grupo_admin,1,1,1,1
access_reportes_purasol_cliente,reportes_purasol.cliente,model_reportes_purasol_cliente,grupo_admin,1,1,1,1
access_reportes_purasol_provincia,reportes_purasol.provincia,model_reportes_purasol_provincia,grupo_admin,1,0,0,1
access_reportes_purasol_canton,reportes_purasol.canton,model_reportes_purasol_canton,grupo_admin,1,0,0,1
access_reportes_purasol_distrito,reportes_purasol.distrito,model_reportes_purasol_distrito,grupo_admin,1,0,0,1
access_reportes_purasol_usuario,reportes_purasol.usuario,model_reportes_purasol_usuario,grupo_admin,1,1,0,1