<?xml version="1.0" encoding="utf-8"?>
<!--Esto es la categoria-->
<odoo><data>
    <record id="categoria_reportes" model="ir.module.category">
        <field name="name">Reporteria Purasol</field>
        <field name="description">
            Módulo de reportes Purasol
        </field>
        <field name="sequence">7</field>
    </record>

    <record id="grupo_admin" model="res.groups">
        <field name="name">Admin</field>
        <field name="comment">
            Grupo para los Administradores
        </field>
        <field name="category_id" ref="categoria_reportes"/><field name="users" eval="[(4, ref('base.user_root')), (4, ref('base.user_admin'))]"/>
    </record>


</data></odoo>