<odoo>
    <data>
        <!--  -->
        <!--   <record id="object0" model="reportes_purasol.reportes_purasol"> -->
        <!--     <field name="name">Object 0</field> -->
        <!--     <field name="value">0</field> -->
        <!--   </record> -->
        <!--  -->
        <!--   <record id="object1" model="reportes_purasol.reportes_purasol"> -->
        <!--     <field name="name">Object 1</field> -->
        <!--     <field name="value">10</field> -->
        <!--   </record> -->
        <!--  -->
        <!--   <record id="object2" model="reportes_purasol.reportes_purasol"> -->
        <!--     <field name="name">Object 2</field> -->
        <!--     <field name="value">20</field> -->
        <!--   </record> -->
        <!--  -->
        <!--   <record id="object3" model="reportes_purasol.reportes_purasol"> -->
        <!--     <field name="name">Object 3</field> -->
        <!--     <field name="value">30</field> -->
        <!--   </record> -->
        <!--  -->
        <!--   <record id="object4" model="reportes_purasol.reportes_purasol"> -->
        <!--     <field name="name">Object 4</field> -->
        <!--     <field name="value">40</field> -->
        <!--   </record> -->
        <!--  -->
        <record id="provincia1" model="reportes_purasol.provincia"> 
            <field name="NombreProvincia">SAN JOSE</field> 
        </record>
        <record id="provincia2" model="reportes_purasol.provincia"> 
            <field name="NombreProvincia">CARTAGO</field> 
        </record>
        <record id="provincia3" model="reportes_purasol.provincia"> 
            <field name="NombreProvincia">ALAJUELA</field> 
        </record>
        <record id="provincia4" model="reportes_purasol.provincia"> 
            <field name="NombreProvincia">HEREDIA</field> 
        </record>
        <record id="provincia5" model="reportes_purasol.provincia"> 
            <field name="NombreProvincia">PUNTARENAS</field> 
        </record>
        <record id="provincia6" model="reportes_purasol.provincia"> 
            <field name="NombreProvincia">GUANACASTE</field> 
        </record>
        <record id="provincia7" model="reportes_purasol.provincia"> 
            <field name="NombreProvincia">LIMON</field> 
        </record>
            
    </data>
</odoo>