<odoo>
    <data>
        <record id="canton1" model="reportes_purasol.canton"> 
            <field name="NombreCanton">SAN CARLOS</field> 
            <field name="Provincia">ALAJUELA</field> 
        </record>
        <record id="canton2" model="reportes_purasol.canton"> 
            <field name="NombreCanton">UPALA</field> 
            <field name="Provincia">ALAJUELA</field> 
        </record>
        <record id="canton3" model="reportes_purasol.canton"> 
            <field name="NombreCanton">LOS CHILES</field> 
            <field name="Provincia">ALAJUELA</field> 
        </record>
        <record id="canton4" model="reportes_purasol.canton"> 
            <field name="NombreCanton">SAN RAMON</field> 
            <field name="Provincia">ALAJUELA</field> 
        </record>
        <record id="canton5" model="reportes_purasol.canton"> 
            <field name="NombreCanton">GUATUSO</field> 
            <field name="Provincia">ALAJUELA</field> 
        </record>
        <record id="canton6" model="reportes_purasol.canton"> 
            <field name="NombreCanton">ALAJUELA</field> 
            <field name="Provincia">ALAJUELA</field> 
        </record>
        <record id="canton7" model="reportes_purasol.canton"> 
            <field name="NombreCanton">RIO CUARTO</field> 
            <field name="Provincia">ALAJUELA</field> 
        </record>
        <record id="canton6" model="reportes_purasol.canton"> 
            <field name="NombreCanton">ZARCERO</field> 
            <field name="Provincia">ALAJUELA</field> 
        </record>
        <record id="canton9" model="reportes_purasol.canton"> 
            <field name="NombreCanton">OROTINA</field> 
            <field name="Provincia">ALAJUELA</field> 
        </record>
        <record id="canton10" model="reportes_purasol.canton"> 
            <field name="NombreCanton">GRECIA</field> 
            <field name="Provincia">ALAJUELA</field> 
        </record>
        <record id="canton11" model="reportes_purasol.canton"> 
            <field name="NombreCanton">ATENAS</field> 
            <field name="Provincia">ALAJUELA</field> 
        </record>
        <record id="canton12" model="reportes_purasol.canton"> 
            <field name="NombreCanton">NARANJO</field> 
            <field name="Provincia">ALAJUELA</field> 
        </record>
        <record id="canton13" model="reportes_purasol.canton"> 
            <field name="NombreCanton">SAN MATEO</field> 
            <field name="Provincia">ALAJUELA</field> 
        </record>
        <record id="canton14" model="reportes_purasol.canton"> 
            <field name="NombreCanton">SANRCHI</field> 
            <field name="Provincia">ALAJUELA</field> 
        </record>
        <record id="canton15" model="reportes_purasol.canton"> 
            <field name="NombreCanton">POAS</field> 
            <field name="Provincia">ALAJUELA</field> 
        </record>
        <record id="canton16" model="reportes_purasol.canton"> 
            <field name="NombreCanton">PALMARES</field> 
            <field name="Provincia">ALAJUELA</field> 
        </record>

        <record id="canton17" model="reportes_purasol.canton"> 
            <field name="NombreCanton">TURRIALBA</field> 
            <field name="Provincia">CARTAGO</field> 
        </record>
        <record id="canton18" model="reportes_purasol.canton"> 
            <field name="NombreCanton">CARTAGO</field> 
            <field name="Provincia">CARTAGO</field> 
        </record>
        <record id="canton19" model="reportes_purasol.canton"> 
            <field name="NombreCanton">PARAISO</field> 
            <field name="Provincia">CARTAGO</field> 
        </record>
        <record id="canton20" model="reportes_purasol.canton"> 
            <field name="NombreCanton">JIMENEZ</field> 
            <field name="Provincia">CARTAGO</field> 
        </record>
        <record id="canton21" model="reportes_purasol.canton"> 
            <field name="NombreCanton">OREAMUNO</field> 
            <field name="Provincia">CARTAGO</field> 
        </record>
        <record id="canton22" model="reportes_purasol.canton"> 
            <field name="NombreCanton">EL GUARCO</field> 
            <field name="Provincia">CARTAGO</field> 
        </record>
        <record id="canton23" model="reportes_purasol.canton"> 
            <field name="NombreCanton">ALVARADO</field> 
            <field name="Provincia">CARTAGO</field> 
        </record>
        <record id="canton24" model="reportes_purasol.canton"> 
            <field name="NombreCanton">LA UNION</field> 
            <field name="Provincia">CARTAGO</field> 
        </record>

        <record id="canton24" model="reportes_purasol.canton"> 
            <field name="NombreCanton">LIBERIA</field> 
            <field name="Provincia">GUANACASTE</field> 
        </record>
        <record id="canton26" model="reportes_purasol.canton"> 
            <field name="NombreCanton">LA CRUZ</field> 
            <field name="Provincia">GUANACASTE</field> 
        </record>
        <record id="canton27" model="reportes_purasol.canton"> 
            <field name="NombreCanton">NICOYA</field> 
            <field name="Provincia">GUANACASTE</field> 
        </record>
        <record id="canton28" model="reportes_purasol.canton"> 
            <field name="NombreCanton">SANTA CRUZ</field> 
            <field name="Provincia">GUANACASTE</field> 
        </record>
        <record id="canton29" model="reportes_purasol.canton"> 
            <field name="NombreCanton">BAGACES</field> 
            <field name="Provincia">GUANACASTE</field> 
        </record>
        <record id="canton30" model="reportes_purasol.canton"> 
            <field name="NombreCanton">CAÑAS</field> 
            <field name="Provincia">CARTAGO</field> 
        </record>
        <record id="canton31" model="reportes_purasol.canton"> 
            <field name="NombreCanton">ABANGARES</field> 
            <field name="Provincia">GUANACASTE</field> 
        </record>
        <record id="canton32" model="reportes_purasol.canton"> 
            <field name="NombreCanton">TILARAN</field> 
            <field name="Provincia">GUANACASTE</field> 
        </record>
        <record id="canton33" model="reportes_purasol.canton"> 
            <field name="NombreCanton">CARRILLO</field> 
            <field name="Provincia">GUANACASTE</field> 
        </record>
        <record id="canton34" model="reportes_purasol.canton"> 
            <field name="NombreCanton">NANDAYURE</field> 
            <field name="Provincia">GUANACASTE</field> 
        </record>
        <record id="canton35" model="reportes_purasol.canton"> 
            <field name="NombreCanton">OJANCHA</field> 
            <field name="Provincia">GUANACASTE</field> 
        </record>    

        <record id="canton36" model="reportes_purasol.canton"> 
            <field name="NombreCanton">SARAPIQUI</field> 
            <field name="Provincia">HEREDIA</field> 
        </record>
        <record id="canton37" model="reportes_purasol.canton"> 
            <field name="NombreCanton">HEREDIA</field> 
            <field name="Provincia">HEREDIA</field> 
        </record>
        <record id="canton38" model="reportes_purasol.canton"> 
            <field name="NombreCanton">BARVA</field> 
            <field name="Provincia">HEREDIA</field> 
        </record>
        <record id="canton39" model="reportes_purasol.canton"> 
            <field name="NombreCanton">SANTA BARVARA</field> 
            <field name="Provincia">HEREDIA</field> 
        </record>
        <record id="canton40" model="reportes_purasol.canton"> 
            <field name="NombreCanton">SAN RAFAEL</field> 
            <field name="Provincia">HEREDIA</field> 
        </record>
        <record id="canton41" model="reportes_purasol.canton"> 
            <field name="NombreCanton">SAN ISIDRO</field> 
            <field name="Provincia">HEREDIA</field> 
        </record>
        <record id="canton42" model="reportes_purasol.canton"> 
            <field name="NombreCanton">SANTO DOMINGO</field> 
            <field name="Provincia">HEREDIA</field> 
        </record>
        <record id="canton43" model="reportes_purasol.canton"> 
            <field name="NombreCanton">BELEN</field> 
            <field name="Provincia">HEREDIA</field> 
        </record>
        <record id="canton44" model="reportes_purasol.canton"> 
            <field name="NombreCanton">SAN PABLO</field> 
            <field name="Provincia">HEREDIA</field> 
        </record>
        <record id="canton45" model="reportes_purasol.canton"> 
            <field name="NombreCanton">FLORES</field> 
            <field name="Provincia">HEREDIA</field> 
        </record>

        <record id="canton46" model="reportes_purasol.canton"> 
            <field name="NombreCanton">TALAMANCA</field> 
            <field name="Provincia">LIMON</field> 
        </record>
        <record id="canton47" model="reportes_purasol.canton"> 
            <field name="NombreCanton">POCOCI</field> 
            <field name="Provincia">LIMON</field> 
        </record>
        <record id="canton48" model="reportes_purasol.canton"> 
            <field name="NombreCanton">LIMON</field> 
            <field name="Provincia">LIMON</field> 
        </record>
        <record id="canton49" model="reportes_purasol.canton"> 
            <field name="NombreCanton">SIQUIRRES</field> 
            <field name="Provincia">LIMON</field> 
        </record>
        <record id="canton50" model="reportes_purasol.canton"> 
            <field name="NombreCanton">MATINA</field> 
            <field name="Provincia">LIMON</field> 
        </record>
        <record id="canton51" model="reportes_purasol.canton"> 
            <field name="NombreCanton">GUACIIMO</field> 
            <field name="Provincia">LIMON</field> 
        </record>


        <record id="canton52" model="reportes_purasol.canton"> 
            <field name="NombreCanton">BUENOS AIRES</field> 
            <field name="Provincia">PUNTARENAS</field> 
        </record>
        <record id="canton53" model="reportes_purasol.canton"> 
            <field name="NombreCanton">OSA</field> 
            <field name="Provincia">PUNTARENAS</field> 
        </record>
        <record id="canton54" model="reportes_purasol.canton"> 
            <field name="NombreCanton">PUNTARENAS</field> 
            <field name="Provincia">PUNTARENAS</field> 
        </record>
        <record id="canton55" model="reportes_purasol.canton"> 
            <field name="NombreCanton">GOLFITO</field> 
            <field name="Provincia">PUNTARENAS</field> 
        </record>
        <record id="canton56" model="reportes_purasol.canton"> 
            <field name="NombreCanton">COTO BRUS</field> 
            <field name="Provincia">PUNTARENAS</field> 
        </record>
        <record id="canton57" model="reportes_purasol.canton"> 
            <field name="NombreCanton">CORREDORES</field> 
            <field name="Provincia">PUNTARENAS</field> 
        </record>
        <record id="canton58" model="reportes_purasol.canton"> 
            <field name="NombreCanton">QUEPOS</field> 
            <field name="Provincia">PUNTARENAS</field> 
        </record>
        <record id="canton59" model="reportes_purasol.canton"> 
            <field name="NombreCanton">PARRITA</field> 
            <field name="Provincia">PUNTARENAS</field> 
        </record>
        <record id="canton60" model="reportes_purasol.canton"> 
            <field name="NombreCanton">GARABITO</field> 
            <field name="Provincia">PUNTARENAS</field> 
        </record>
        <record id="canton61" model="reportes_purasol.canton"> 
            <field name="NombreCanton">MONTES DE ORO</field> 
            <field name="Provincia">PUNTARENAS</field> 
        </record>
        <record id="canton62" model="reportes_purasol.canton"> 
            <field name="NombreCanton">ESPARZA</field> 
            <field name="Provincia">PUNTARENAS</field> 
        </record>

        <record id="canton63" model="reportes_purasol.canton"> 
            <field name="NombreCanton">PEREZ ZELEDON</field> 
            <field name="Provincia">SAN JOSE</field> 
        </record>
        <record id="canton64" model="reportes_purasol.canton"> 
            <field name="NombreCanton">PURISCAL</field> 
            <field name="Provincia">SAN JOSE</field> 
        </record>
        <record id="canton65" model="reportes_purasol.canton"> 
            <field name="NombreCanton">TURRUBARES</field> 
            <field name="Provincia">SAN JOSE</field> 
        </record>
        <record id="canton66" model="reportes_purasol.canton"> 
            <field name="NombreCanton">DOTA</field> 
            <field name="Provincia">SAN JOSE</field> 
        </record>
        <record id="canton67" model="reportes_purasol.canton"> 
            <field name="NombreCanton">ACOSTA</field> 
            <field name="Provincia">SAN JOSE</field> 
        </record>
        <record id="canton68" model="reportes_purasol.canton"> 
            <field name="NombreCanton">TARRAZU</field> 
            <field name="Provincia">SAN JOSE</field> 
        </record>
        <record id="canton69" model="reportes_purasol.canton"> 
            <field name="NombreCanton">VAZQUES DE CORONADO</field> 
            <field name="Provincia">SAN JOSE</field> 
        </record>
        <record id="canton70" model="reportes_purasol.canton"> 
            <field name="NombreCanton">ASERRI</field> 
            <field name="Provincia">SAN JOSE</field> 
        </record>
        <record id="canton71" model="reportes_purasol.canton"> 
            <field name="NombreCanton">MORA</field> 
            <field name="Provincia">SAN JOSE</field> 
        </record>
        <record id="canton72" model="reportes_purasol.canton"> 
            <field name="NombreCanton">LEON CORTES</field> 
            <field name="Provincia">SAN JOSE</field> 
        </record>
        <record id="canton73" model="reportes_purasol.canton"> 
            <field name="NombreCanton">DESAMPARADOS</field> 
            <field name="Provincia">SAN JOSE</field> 
        </record>
        <record id="canton74" model="reportes_purasol.canton"> 
            <field name="NombreCanton">SANTA ANA</field> 
            <field name="Provincia">SAN JOSE</field> 
        </record>
        <record id="canton75" model="reportes_purasol.canton"> 
            <field name="NombreCanton">SAN JOSE</field> 
            <field name="Provincia">SAN JOSE</field> 
        </record>
        <record id="canton76" model="reportes_purasol.canton"> 
            <field name="NombreCanton">ESCAZU</field> 
            <field name="Provincia">SAN JOSE</field> 
        </record>
        <record id="canton77" model="reportes_purasol.canton"> 
            <field name="NombreCanton">GOICOCHEA</field> 
            <field name="Provincia">SAN JOSE</field> 
        </record>
        <record id="canton78" model="reportes_purasol.canton"> 
            <field name="NombreCanton">MORAVIA</field> 
            <field name="Provincia">SAN JOSE</field> 
        </record>
        <record id="canton79" model="reportes_purasol.canton"> 
            <field name="NombreCanton">ALAJUELITA</field> 
            <field name="Provincia">SAN JOSE</field> 
        </record>
        <record id="canton80" model="reportes_purasol.canton"> 
            <field name="NombreCanton">CURRIDABAT</field> 
            <field name="Provincia">SAN JOSE</field> 
        </record>
        <record id="canton81" model="reportes_purasol.canton"> 
            <field name="NombreCanton">MONTES DE OCA</field> 
            <field name="Provincia">SAN JOSE</field> 
        </record>
        <record id="canton82" model="reportes_purasol.canton"> 
            <field name="NombreCanton">TIBAS</field> 
            <field name="Provincia">SAN JOSE</field> 
        </record>
        

        

        

    </data>
</odoo>
    