id,IdCanton,IdProvincia,NombreCanton
101,101,1,San José
102,102,1,Escazú
103,103,1,Desamparados
104,104,1,Puriscal
105,105,1,Tarrazú
106,106,1,Aserrí
107,107,1,Mora
108,108,1,Goicoechea
109,109,1,Santa Ana
110,110,1,Alajuelita
111,111,1,Vázquez de Coronado
112,112,1,Acosta
113,113,1,Tibás
114,114,1,Moravia
115,115,1,Montes de Oca
116,116,1,Turrubares
117,117,1,Dota
118,118,1,Curridabat
119,119,1,Pérez Zeledón
120,120,1,León Cortés Castro
201,201,2,Alajuela
202,202,2,San Ramón
203,203,2,Grecia
204,204,2,San Mateo
205,205,2,Atenas
206,206,2,Naranjo
207,207,2,Palmares
208,208,2,Poás
209,209,2,Orotina
210,210,2,San Carlos
211,211,2,Zarcero
212,212,2,Valverde Vega
213,213,2,Upala
214,214,2,Los Chiles
215,215,2,Guatuso
301,301,3,Cartago
302,302,3,Paraíso
303,303,3,La Unión
304,304,3,Jiménez
305,305,3,Turrialba
306,306,3,Alvarado
307,307,3,Oreamuno
308,308,3,El Guarco
401,401,4,Heredia
402,402,4,Barva
403,403,4,Santo Domingo
404,404,4,Santa Bárbara
405,405,4,San Rafael
406,406,4,San Isidro
407,407,4,Belén
408,408,4,Flores
409,409,4,San Pablo
410,410,4,Sarapiquí
501,501,5,Liberia
502,502,5,Nicoya
503,503,5,Santa Cruz
504,504,5,Bagaces
505,505,5,Carrillo
506,506,5,Cañas
507,507,5,Abangares
508,508,5,Tilarán
509,509,5,Nandayure
510,510,5,La Cruz
511,511,5,Hojancha
601,601,6,Puntarenas
602,602,6,Esparza
603,603,6,Buenos Aires
604,604,6,Montes de Oro
605,605,6,Osa
606,606,6,Quepos
607,607,6,Golfito
608,608,6,Coto Brus
609,609,6,Parrita
610,610,6,Corredores
611,611,6,Garabito
701,701,7,Limón
702,702,7,Pococí
703,703,7,Siquirres
704,704,7,Talamanca
705,705,7,Matina
706,706,7,Guácimo